{"resourceType":"CodeSystem","id":"australian-indigenous-status-1","meta":{"versionId":"1","lastUpdated":"2022-11-24T05:55:32.079+00:00","profile":["http://hl7.org/fhir/StructureDefinition/shareablecodesystem"]},"text":{"status":"generated","div":"<div xmlns=\"http://www.w3.org/1999/xhtml\">\n            <h2>Australian Indigenous Status</h2>\n            <tt>https://healthterminologies.gov.au/fhir/CodeSystem/australian-indigenous-status-1</tt>\n            <p>The Australian Indigenous Status code system defines concepts to support the representation of a person's Indigenous status. That is, whether a person identifies as being of Aboriginal or Torres Strait Islander origin, as represented by a code. The concepts defined in this code system are equivalent to those defined in the METeOR value domains for Person Indigenous status code N for http://meteor.aihw.gov.au/content/index.phtml/itemId/602545, http://meteor.aihw.gov.au/content/index.phtml/itemId/270885, and http://meteor.aihw.gov.au/content/index.phtml/itemId/291036.</p>\n        </div>"},"url":"https://healthterminologies.gov.au/fhir/CodeSystem/australian-indigenous-status-1","identifier":[{"system":"urn:ietf:rfc:3986","value":"urn:oid:1.2.36.1.2001.1004.200.10012"}],"version":"1.0.3","name":"AustralianIndigenousStatus","title":"Australian Indigenous Status","status":"active","experimental":false,"date":"2020-05-31","publisher":"Rob Eastwood (himself)","contact":[{"telecom":[{"system":"url","value":"https://github.com/robstwd"}]}],"description":"The Australian Indigenous Status code system defines concepts to support the representation of a person's Indigenous status. That is, whether a person identifies as being of Aboriginal or Torres Strait Islander origin, as represented by a code. The concepts defined in this code system are equivalent to those defined in the METeOR value domains for Person Indigenous status code N for http://meteor.aihw.gov.au/content/index.phtml/itemId/602545, http://meteor.aihw.gov.au/content/index.phtml/itemId/270885, and http://meteor.aihw.gov.au/content/index.phtml/itemId/291036.","jurisdiction":[{"coding":[{"system":"urn:iso:std:iso:3166","code":"AU"}]}],"copyright":"Copyright © 2018 Australian Digital Health Agency – All rights reserved. Except for the material identified below, this content is licensed under a Creative Commons Attribution 4.0 International License. See https://creativecommons.org/licenses/by/4.0/. \n\nThis resource includes material that is based on Australian Institute of Health and Welfare material. \n\nAll copies of this resource must include this copyright statement and all information contained in this statement.","caseSensitive":false,"valueSet":"https://healthterminologies.gov.au/fhir/CodeSystem/australian-indigenous-status-1/vs","compositional":false,"versionNeeded":false,"content":"complete","count":5,"concept":[{"code":"1","display":"Aboriginal but not Torres Strait Islander origin","definition":"Aboriginal but not Torres Strait Islander origin"},{"code":"2","display":"Torres Strait Islander but not Aboriginal origin","definition":"Torres Strait Islander but not Aboriginal origin"},{"code":"3","display":"Both Aboriginal and Torres Strait Islander origin","definition":"Both Aboriginal and Torres Strait Islander origin"},{"code":"4","display":"Neither Aboriginal nor Torres Strait Islander origin","definition":"Neither Aboriginal nor Torres Strait Islander origin"},{"code":"9","display":"Not stated/inadequately described","definition":"Not stated/inadequately described"}]}