<?xml version="1.0" encoding="UTF-8"?><CodeSystem xmlns="http://hl7.org/fhir"><id value="australian-indigenous-status-1"/><meta><versionId value="1"/><lastUpdated value="2022-11-24T05:55:32.079+00:00"/><profile value="http://hl7.org/fhir/StructureDefinition/shareablecodesystem"/></meta><text><status value="generated"/><div xmlns="http://www.w3.org/1999/xhtml">
            <h2>Australian Indigenous Status</h2>
            <tt>https://healthterminologies.gov.au/fhir/CodeSystem/australian-indigenous-status-1</tt>
            <p>The Australian Indigenous Status code system defines concepts to support the representation of a person's Indigenous status. That is, whether a person identifies as being of Aboriginal or Torres Strait Islander origin, as represented by a code. The concepts defined in this code system are equivalent to those defined in the METeOR value domains for Person Indigenous status code N for http://meteor.aihw.gov.au/content/index.phtml/itemId/602545, http://meteor.aihw.gov.au/content/index.phtml/itemId/270885, and http://meteor.aihw.gov.au/content/index.phtml/itemId/291036.</p>
        </div></text><url value="https://healthterminologies.gov.au/fhir/CodeSystem/australian-indigenous-status-1"/><identifier><system value="urn:ietf:rfc:3986"/><value value="urn:oid:1.2.36.1.2001.1004.200.10012"/></identifier><version value="1.0.3"/><name value="AustralianIndigenousStatus"/><title value="Australian Indigenous Status"/><status value="active"/><experimental value="false"/><date value="2020-05-31"/><publisher value="Rob Eastwood (himself)"/><contact><telecom><system value="url"/><value value="https://github.com/robstwd"/></telecom></contact><description value="The Australian Indigenous Status code system defines concepts to support the representation of a person's Indigenous status. That is, whether a person identifies as being of Aboriginal or Torres Strait Islander origin, as represented by a code. The concepts defined in this code system are equivalent to those defined in the METeOR value domains for Person Indigenous status code N for http://meteor.aihw.gov.au/content/index.phtml/itemId/602545, http://meteor.aihw.gov.au/content/index.phtml/itemId/270885, and http://meteor.aihw.gov.au/content/index.phtml/itemId/291036."/><jurisdiction><coding><system value="urn:iso:std:iso:3166"/><code value="AU"/></coding></jurisdiction><copyright value="Copyright © 2018 Australian Digital Health Agency – All rights reserved. Except for the material identified below, this content is licensed under a Creative Commons Attribution 4.0 International License. See https://creativecommons.org/licenses/by/4.0/. &#xA;&#xA;This resource includes material that is based on Australian Institute of Health and Welfare material. &#xA;&#xA;All copies of this resource must include this copyright statement and all information contained in this statement."/><caseSensitive value="false"/><valueSet value="https://healthterminologies.gov.au/fhir/CodeSystem/australian-indigenous-status-1/vs"/><compositional value="false"/><versionNeeded value="false"/><content value="complete"/><count value="5"/><concept><code value="1"/><display value="Aboriginal but not Torres Strait Islander origin"/><definition value="Aboriginal but not Torres Strait Islander origin"/></concept><concept><code value="2"/><display value="Torres Strait Islander but not Aboriginal origin"/><definition value="Torres Strait Islander but not Aboriginal origin"/></concept><concept><code value="3"/><display value="Both Aboriginal and Torres Strait Islander origin"/><definition value="Both Aboriginal and Torres Strait Islander origin"/></concept><concept><code value="4"/><display value="Neither Aboriginal nor Torres Strait Islander origin"/><definition value="Neither Aboriginal nor Torres Strait Islander origin"/></concept><concept><code value="9"/><display value="Not stated/inadequately described"/><definition value="Not stated/inadequately described"/></concept></CodeSystem>