<?xml version="1.0" encoding="UTF-8"?><ValueSet xmlns="http://hl7.org/fhir"><id value="common-languages-australia-2"/><meta><versionId value="1"/><lastUpdated value="2022-11-24T05:55:57.985+00:00"/><profile value="http://hl7.org/fhir/StructureDefinition/shareablevalueset"/></meta><text><status value="generated"/><div xmlns="http://www.w3.org/1999/xhtml">
            <h2>Common Languages in Australia</h2>
            <tt>https://healthterminologies.gov.au/fhir/ValueSet/common-languages-australia-2</tt>
            <p>The Common Languages in Australia value set includes languages that are commonly encountered in Australia, including a comprehensive set of Australian Indigenous languages.</p>
        </div></text><url value="https://healthterminologies.gov.au/fhir/ValueSet/common-languages-australia-2"/><identifier><system value="urn:ietf:rfc:3986"/><value value="urn:oid:1.2.36.1.2001.1004.201.10069"/></identifier><version value="2.2.1"/><name value="CommonLanguagesInAustralia"/><title value="Common Languages in Australia"/><status value="active"/><experimental value="false"/><date value="2020-05-31"/><publisher value="Rob Eastwood (himself)"/><contact><telecom><system value="url"/><value value="https://github.com/robstwd"/></telecom></contact><description value="The Common Languages in Australia value set includes languages that are commonly encountered in Australia, including a comprehensive set of Australian Indigenous languages."/><jurisdiction><coding><system value="urn:iso:std:iso:3166"/><code value="AU"/></coding></jurisdiction><copyright value="Copyright © 2019 Australian Digital Health Agency - All rights reserved. Except for the material identified below, this content is licensed under a Creative Commons Attribution 4.0 International License. See https://creativecommons.org/licenses/by/4.0/. &#xA;&#xA;This resource also includes all or a portion of material that is HL7 FHIR Copyright © 2011+ HL7 licensed under Creative Commons 'No Rights Reserved' (CC0)  &#xA;&#xA;&#x9;Copyright (c) 2008 IETF Trust and the persons identified as the document authors (https://tools.ietf.org/html/bcp47). All rights reserved.  &#xA;&#xA;All copies of this resource must include this copyright statement and all information contained in this statement."/><compose><include><system value="urn:ietf:bcp:47"/><concept><code value="ace"/><display value="Achinese"/></concept><concept><code value="ach"/><display value="Acholi"/></concept><concept><code value="aa"/><display value="Afar"/></concept><concept><code value="ak"/><display value="Akan"/></concept><concept><code value="sq"/><display value="Albanian"/></concept><concept><code value="am"/><display value="Amharic"/></concept><concept><code value="anu"/><display value="Anuak"/></concept><concept><code value="asf"/><display value="Auslan"/></concept><concept><code value="gwm"/><display value="Awngthim"/></concept><concept><code value="rki"/><display value="Rakhine"/></concept><concept><code value="hy"/><display value="Armenian"/></concept><concept><code value="aii"/><display value="Assyrian Neo-Aramaic"/></concept><concept><code value="bfa"/><display value="Bari"/></concept><concept><code value="bsq"/><display value="Bassa"/></concept><concept><code value="be"/><display value="Belarusian"/></concept><concept><code value="bs"/><display value="Bosnian"/></concept><concept><code value="bg"/><display value="Bulgarian"/></concept><concept><code value="yue"/><display value="Cantonese"/></concept><concept><code value="ceb"/><display value="Cebuano"/></concept><concept><code value="cld"/><display value="Chaldean Neo-Aramaic"/></concept><concept><code value="prs"/><display value="Dari"/></concept><concept><code value="dwu"/><display value="Dhuwal"/></concept><concept><code value="din"/><display value="Dinka"/></concept><concept><code value="et"/><display value="Estonian"/></concept><concept><code value="ee"/><display value="Ewe"/></concept><concept><code value="cfm"/><display value="Falam Chin"/></concept><concept><code value="fa"/><display value="Persian"/></concept><concept><code value="hif"/><display value="Fiji Hindi"/></concept><concept><code value="fj"/><display value="Fijian"/></concept><concept><code value="fil"/><display value="Filipino"/></concept><concept><code value="fuv"/><display value="Nigerian Fulfulde"/></concept><concept><code value="ff"/><display value="Fullah"/></concept><concept><code value="nan"/><display value="Min Nan Chinese"/></concept><concept><code value="zh-min"/><display value="Fuzhou"/></concept><concept><code value="gaa"/><display value="Ga"/></concept><concept><code value="lg"/><display value="Ganda"/></concept><concept><code value="ki"/><display value="Gikuyu"/></concept><concept><code value="hac"/><display value="Gurani"/></concept><concept><code value="gu"/><display value="Gujarati"/></concept><concept><code value="cnh"/><display value="Hakha Chin"/></concept><concept><code value="hak"/><display value="Hakka Chinese"/></concept><concept><code value="har"/><display value="Harari"/></concept><concept><code value="mey"/><display value="Hassaniyya"/></concept><concept><code value="haz"/><display value="Hazaragi"/></concept><concept><code value="he"/><display value="Hebrew"/></concept><concept><code value="ho"/><display value="Hiri Motu"/></concept><concept><code value="hmn"/><display value="Hmong"/></concept><concept><code value="hu"/><display value="Hungarian"/></concept><concept><code value="id"/><display value="Indonesian"/></concept><concept><code value="jv"/><display value="Javanese"/></concept><concept><code value="kac"/><display value="Jingpho"/></concept><concept><code value="pga"/><display value="Sudanese Creole Arabic"/></concept><concept><code value="keo"/><display value="Kakwa"/></concept><concept><code value="kn"/><display value="Kannada"/></concept><concept><code value="eky"/><display value="Eastern Kayah"/></concept><concept><code value="kyu"/><display value="Western Kayah"/></concept><concept><code value="kk"/><display value="Kazakh"/></concept><concept><code value="km"/><display value="Khmer"/></concept><concept><code value="cnk"/><display value="Khumi Chin"/></concept><concept><code value="rw"/><display value="Kinyarwanda"/></concept><concept><code value="rn"/><display value="Rundi"/></concept><concept><code value="kqs"/><display value="Northern Kissi"/></concept><concept><code value="mku"/><display value="Konyanka Maninka"/></concept><concept><code value="kri"/><display value="Krio"/></concept><concept><code value="kun"/><display value="Kunama"/></concept><concept><code value="kmr"/><display value="Northern Kurdish"/></concept><concept><code value="lo"/><display value="Lao"/></concept><concept><code value="lir"/><display value="Liberian English"/></concept><concept><code value="ln"/><display value="Lingala"/></concept><concept><code value="mk"/><display value="Macedonian"/></concept><concept><code value="mhi"/><display value="Ma'di"/></concept><concept><code value="zlm"/><display value="Malay"/></concept><concept><code value="ml"/><display value="Malayalam"/></concept><concept><code value="mt"/><display value="Maltese"/></concept><concept><code value="cmn"/><display value="Mandarin"/></concept><concept><code value="mrh"/><display value="Mara Chin"/></concept><concept><code value="hlt"/><display value="Matu Chin"/></concept><concept><code value="mfe"/><display value="Morisyen"/></concept><concept><code value="men"/><display value="Mende (Sierra Leone)"/></concept><concept><code value="lus"/><display value="Lushai"/></concept><concept><code value="mo"/><display value="Moldavian"/></concept><concept><code value="mnw"/><display value="Mon"/></concept><concept><code value="mn"/><display value="Mongolian"/></concept><concept><code value="unr"/><display value="Mundari"/></concept><concept><code value="my"/><display value="Burmese"/></concept><concept><code value="ne"/><display value="Nepali"/></concept><concept><code value="azj"/><display value="North Azerbaijani"/></concept><concept><code value="nus"/><display value="Nuer"/></concept><concept><code value="om"/><display value="Oromo"/></concept><concept><code value="ps"/><display value="Pashto"/></concept><concept><code value="fuc"/><display value="Pulaar"/></concept><concept><code value="kjp"/><display value="Pwo Eastern Karen"/></concept><concept><code value="rhg"/><display value="Rohingya"/></concept><concept><code value="ro"/><display value="Romanian"/></concept><concept><code value="spy"/><display value="Sabaot"/></concept><concept><code value="ssy"/><display value="Saho"/></concept><concept><code value="sm"/><display value="Samoan"/></concept><concept><code value="ksw"/><display value="S'gaw Karen"/></concept><concept><code value="shn"/><display value="Shan"/></concept><concept><code value="wuu"/><display value="Wu Chinese"/></concept><concept><code value="sid"/><display value="Sidamo"/></concept><concept><code value="sd"/><display value="Sindhi"/></concept><concept><code value="si"/><display value="Sinhalese"/></concept><concept><code value="csy"/><display value="Siyin Chin"/></concept><concept><code value="sk"/><display value="Slovak"/></concept><concept><code value="sl"/><display value="Slovenian"/></concept><concept><code value="so"/><display value="Somali"/></concept><concept><code value="ckb"/><display value="Central Kurdish"/></concept><concept><code value="azb"/><display value="South Azerbaijani"/></concept><concept><code value="sdh"/><display value="Southern Kurdish"/></concept><concept><code value="apd"/><display value="Sudanese Arabic"/></concept><concept><code value="sus"/><display value="Susu"/></concept><concept><code value="swh"/><display value="Swahili"/></concept><concept><code value="abh"/><display value="Tajiki Arabic"/></concept><concept><code value="ta"/><display value="Tamil"/></concept><concept><code value="tt"/><display value="Tartar"/></concept><concept><code value="ctd"/><display value="Tedim Chin"/></concept><concept><code value="tet"/><display value="Tetum"/></concept><concept><code value="th"/><display value="Thai"/></concept><concept><code value="tem"/><display value="Time"/></concept><concept><code value="bo"/><display value="Tibetan"/></concept><concept><code value="tig"/><display value="Tigre"/></concept><concept><code value="ti"/><display value="Tigrinya"/></concept><concept><code value="tpi"/><display value="Tok Pisin"/></concept><concept><code value="to"/><display value="Tonga"/></concept><concept><code value="tr"/><display value="Turkish"/></concept><concept><code value="tk"/><display value="Turkmen"/></concept><concept><code value="uk"/><display value="Ukrainian"/></concept><concept><code value="ur"/><display value="Urdu"/></concept><concept><code value="ug"/><display value="Uyghur"/></concept><concept><code value="uz"/><display value="Uzbek"/></concept><concept><code value="vi"/><display value="Vietnamese"/></concept><concept><code value="wo"/><display value="Wolof"/></concept><concept><code value="zom"/><display value="Zou"/></concept><concept><code value="czt"/><display value="Zotung Chin"/></concept><concept><code value="aoi"/><display value="Anindilyakwa"/></concept><concept><code value="mph"/><display value="Maung"/></concept><concept><code value="nuy"/><display value="Nunggubuyu"/></concept><concept><code value="rmb"/><display value="Rembarrnga"/></concept><concept><code value="tiw"/><display value="Tiwi"/></concept><concept><code value="alh"/><display value="Alawa"/></concept><concept><code value="ngk"/><display value="Dalabon"/></concept><concept><code value="nji"/><display value="Gudanji"/></concept><concept><code value="ibd"/><display value="Iwaidja"/></concept><concept><code value="djn"/><display value="Jawoyn"/></concept><concept><code value="jig"/><display value="Jingulu"/></concept><concept><code value="wlg"/><display value="Kunbarlang"/></concept><concept><code value="lrg"/><display value="Laragia"/></concept><concept><code value="mbp"/><display value="Malak Malak"/></concept><concept><code value="mpc"/><display value="Mangarayi"/></concept><concept><code value="zmt"/><display value="Maringarr"/></concept><concept><code value="mec"/><display value="Marra"/></concept><concept><code value="mfr"/><display value="Marrithiyel"/></concept><concept><code value="zml"/><display value="Matngala"/></concept><concept><code value="mwf"/><display value="Murrinh-Patha"/></concept><concept><code value="nck"/><display value="Nakara"/></concept><concept><code value="djj"/><display value="Djeebbana"/></concept><concept><code value="nig"/><display value="Ngalakgan"/></concept><concept><code value="djd"/><display value="Ngaliwurru"/></concept><concept><code value="nug"/><display value="Nungali"/></concept><concept><code value="wmb"/><display value="Wambaya"/></concept><concept><code value="wrr"/><display value="Wardaman"/></concept><concept><code value="amg"/><display value="Amurdak"/></concept><concept><code value="wrk"/><display value="Garrwa"/></concept><concept><code value="woa"/><display value="Kuwema"/></concept><concept><code value="zmm"/><display value="Marramaninyshi"/></concept><concept><code value="nid"/><display value="Ngandi"/></concept><concept><code value="wny"/><display value="Waanyi"/></concept><concept><code value="waq"/><display value="Wagiman"/></concept><concept><code value="jao"/><display value="Yanyuwa"/></concept><concept><code value="zmd"/><display value="Maridan"/></concept><concept><code value="bvr"/><display value="Burarra"/></concept><concept><code value="gge"/><display value="Gurr-goni"/></concept><concept><code value="djr"/><display value="Djambarrpuyngu"/></concept><concept><code value="gnn"/><display value="Gumatj"/></concept><concept><code value="guf"/><display value="Gupapuyngu"/></concept><concept><code value="djb"/><display value="Djinba"/></concept><concept><code value="rit"/><display value="Ritharrngu"/></concept><concept><code value="jay"/><display value="Yan-nhangu"/></concept><concept><code value="dwy"/><display value="Dhuwaya"/></concept><concept><code value="dhg"/><display value="Djangu"/></concept><concept><code value="gvn"/><display value="Kuku-Yalanji"/></concept><concept><code value="kky"/><display value="Guugu Yimidhirr"/></concept><concept><code value="kuy"/><display value="Kuuku-Ya'u"/></concept><concept><code value="wim"/><display value="Wik-Mungkan"/></concept><concept><code value="dbl"/><display value="Dyirbal"/></concept><concept><code value="kkp"/><display value="Koko-Bera"/></concept><concept><code value="thd"/><display value="Kuuk Thayorre"/></concept><concept><code value="lby"/><display value="Lamalama"/></concept><concept><code value="yii"/><display value="Yidiny"/></concept><concept><code value="wig"/><display value="Wik Ngathan"/></concept><concept><code value="aid"/><display value="Alngith"/></concept><concept><code value="xmh"/><display value="Kugu-Muminh"/></concept><concept><code value="umg"/><display value="Morrobalama"/></concept><concept><code value="awg"/><display value="Anguthimri"/></concept><concept><code value="dyy"/><display value="Dyaabugay"/></concept><concept><code value="mwp"/><display value="Kalaw Lagaw Ya"/></concept><concept><code value="ulk"/><display value="Meriam Mir"/></concept><concept><code value="tcs"/><display value="Yumplatok"/></concept><concept><code value="gjr"/><display value="Gurindji Kriol"/></concept><concept><code value="ddj"/><display value="Jaru"/></concept><concept><code value="dmw"/><display value="Mudburra"/></concept><concept><code value="rxd"/><display value="Ngardi"/></concept><concept><code value="nbj"/><display value="Ngarinyman"/></concept><concept><code value="wmt"/><display value="Walmajarri"/></concept><concept><code value="wrl"/><display value="Warlmanpa"/></concept><concept><code value="wbp"/><display value="Warlpiri"/></concept><concept><code value="wrm"/><display value="Warumungu"/></concept><concept><code value="aly"/><display value="Alyawarr"/></concept><concept><code value="gbb"/><display value="Kaytetye"/></concept><concept><code value="adg"/><display value="Andegerebinha"/></concept><concept><code value="amx"/><display value="Anmatyerr"/></concept><concept><code value="aer"/><display value="Eastern Arrernte"/></concept><concept><code value="are"/><display value="Western Arrarnta"/></concept><concept><code value="ant"/><display value="Antikarinya"/></concept><concept><code value="ktd"/><display value="Kukatha"/></concept><concept><code value="kux"/><display value="Kukatja"/></concept><concept><code value="piu"/><display value="Pintupi-Luritja"/></concept><concept><code value="mpj"/><display value="Martu Wangka"/></concept><concept><code value="ntj"/><display value="Ngaanyatjarra"/></concept><concept><code value="pjt"/><display value="Pitjantjatjara"/></concept><concept><code value="pti"/><display value="Wangkatha"/></concept><concept><code value="wbt"/><display value="Warnman"/></concept><concept><code value="kdd"/><display value="Yankunytjatjara"/></concept><concept><code value="bcj"/><display value="Bardi"/></concept><concept><code value="bck"/><display value="Bunuba"/></concept><concept><code value="gni"/><display value="Gooniyandi"/></concept><concept><code value="rsm"/><display value="Miriwoong"/></concept><concept><code value="ung"/><display value="Ngarinyin"/></concept><concept><code value="nyh"/><display value="Nyikina"/></concept><concept><code value="wro"/><display value="Worrorra"/></concept><concept><code value="wub"/><display value="Wunambal"/></concept><concept><code value="ywr"/><display value="Yawuru"/></concept><concept><code value="gma"/><display value="Gambera"/></concept><concept><code value="djw"/><display value="Djawi"/></concept><concept><code value="gia"/><display value="Kija"/></concept><concept><code value="adt"/><display value="Adnymathanha"/></concept><concept><code value="ard"/><display value="Arabana"/></concept><concept><code value="bdy"/><display value="Bandjalang"/></concept><concept><code value="pnw"/><display value="Banyjima"/></concept><concept><code value="xby"/><display value="Batyala"/></concept><concept><code value="bym"/><display value="Bidjara"/></concept><concept><code value="dyn"/><display value="Dhanggatti"/></concept><concept><code value="dif"/><display value="Diyari"/></concept><concept><code value="kld"/><display value="Gamilaraay"/></concept><concept><code value="rxw"/><display value="Karuwali"/></concept><concept><code value="gih"/><display value="Githabul"/></concept><concept><code value="kgs"/><display value="Kumbainggar"/></concept><concept><code value="nak"/><display value="Nakanai"/></concept><concept><code value="gbd"/><display value="Karajarri"/></concept><concept><code value="vka"/><display value="Kariyarra"/></concept><concept><code value="zku"/><display value="Kaurna"/></concept><concept><code value="gyd"/><display value="Kayardild"/></concept><concept><code value="rop"/><display value="Kriol"/></concept><concept><code value="lbz"/><display value="Lardil"/></concept><concept><code value="mem"/><display value="Mangala"/></concept><concept><code value="zmu"/><display value="Muruwari"/></concept><concept><code value="nnr"/><display value="Narungga"/></concept><concept><code value="nrl"/><display value="Ngarluma"/></concept><concept><code value="nay"/><display value="Ngarrindjeri"/></concept><concept><code value="nly"/><display value="Nyamal"/></concept><concept><code value="nna"/><display value="Nyangumarta"/></concept><concept><code value="nys"/><display value="Nyungar"/></concept><concept><code value="drl"/><display value="Paakantyi"/></concept><concept><code value="xny"/><display value="Nyiyaparli"/></concept><concept><code value="wbv"/><display value="Wajarri"/></concept><concept><code value="wrh"/><display value="Wiradjuri"/></concept><concept><code value="yij"/><display value="Yindjibarndi"/></concept><concept><code value="ywg"/><display value="Yinhawangka"/></concept><concept><code value="xyy"/><display value="Yorta Yorta"/></concept><concept><code value="bia"/><display value="Badimaya"/></concept><concept><code value="rbp"/><display value="Barababaraba"/></concept><concept><code value="dda"/><display value="Dadi Dadi"/></concept><concept><code value="tbh"/><display value="Dharawal"/></concept><concept><code value="tjw"/><display value="Djabwurrung"/></concept><concept><code value="wrg"/><display value="Warungu"/></concept><concept><code value="llj"/><display value="Ladji Ladji"/></concept><concept><code value="xrg"/><display value="Minang"/></concept><concept><code value="nju"/><display value="Ngatjumaya"/></concept><concept><code value="wrb"/><display value="Waluwarra"/></concept><concept><code value="wgg"/><display value="Wangkangurru"/></concept><concept><code value="wgy"/><display value="Wargamay"/></concept><concept><code value="weg"/><display value="Wergaia"/></concept><concept><code value="yub"/><display value="Yugambal"/></concept></include><include><valueSet value="http://hl7.org/fhir/ValueSet/languages"/></include></compose></ValueSet>