<?xml version="1.0" encoding="UTF-8"?>

<CodeSystem xmlns="http://hl7.org/fhir">
  <id value="date-accuracy-indicator-1"/>
  <meta>
    <versionId value="1"/>
    <lastUpdated value="2022-11-24T05:55:33.697+00:00"/>
    <profile value="http://hl7.org/fhir/StructureDefinition/shareablecodesystem"/>
  </meta>
  <text>
    <status value="generated"/><div xmlns="http://www.w3.org/1999/xhtml">
            <h2>Date Accuracy Indicator</h2>
            <tt>https://healthterminologies.gov.au/fhir/CodeSystem/date-accuracy-indicator-1</tt>
            <p>The Date Accuracy Indicator code system defines concepts that indicate the accuracy of components of a reported date. The concepts defined in this code system are equivalent to those defined in the METeOR value domains for Date—accuracy indicator, code AAA (http://meteor.aihw.gov.au/content/index.phtml/itemId/294429).</p>
        </div>
  </text>
  <url value="https://healthterminologies.gov.au/fhir/CodeSystem/date-accuracy-indicator-1"/>
  <identifier>
    <system value="urn:ietf:rfc:3986"/>
    <value value="urn:oid:1.2.36.1.2001.1004.200.10014"/>
  </identifier>
  <version value="1.0.3"/>
  <name value="DateAccuracyIndicator"/>
  <title value="Date Accuracy Indicator"/>
  <status value="active"/>
  <experimental value="false"/>
  <date value="2020-05-31"/>
  <publisher value="Rob Eastwood (himself)"/>
  <contact>
    <telecom>
      <system value="url"/>
      <value value="https://github.com/robstwd"/>
    </telecom>
  </contact>
  <description value="The Date Accuracy Indicator code system defines concepts that indicate the accuracy of components of a reported date. The concepts defined in this code system are equivalent to those defined in the METeOR value domains for Date—accuracy indicator, code AAA (http://meteor.aihw.gov.au/content/index.phtml/itemId/294429)."/>
  <jurisdiction>
    <coding>
      <system value="urn:iso:std:iso:3166"/>
      <code value="AU"/>
    </coding>
  </jurisdiction>
  <copyright value="Copyright © 2018 Australian Digital Health Agency - All rights reserved. Except for the material identified below, this content is licensed under a Creative Commons Attribution 4.0 International License. See https://creativecommons.org/licenses/by/4.0/. &#xA;&#xA;This resource includes material that is based on Australian Institute of Health and Welfare material. &#xA;&#xA;All copies of this resource must include this copyright statement and all information contained in this statement."/>
  <caseSensitive value="false"/>
  <valueSet value="https://healthterminologies.gov.au/fhir/CodeSystem/date-accuracy-indicator-1/vs"/>
  <compositional value="false"/>
  <versionNeeded value="false"/>
  <content value="complete"/>
  <count value="27"/>
  <concept>
    <code value="AAA"/>
    <display value="Day, month and year are accurate"/>
    <definition value="Day, month and year are accurate"/>
  </concept>
  <concept>
    <code value="AAE"/>
    <display value="Day and month are accurate, year is estimated"/>
    <definition value="Day and month are accurate, year is estimated"/>
  </concept>
  <concept>
    <code value="AAU"/>
    <display value="Day and month are accurate, year is unknown"/>
    <definition value="Day and month are accurate, year is unknown"/>
  </concept>
  <concept>
    <code value="AEA"/>
    <display value="Day is accurate, month is estimated, year is accurate"/>
    <definition value="Day is accurate, month is estimated, year is accurate"/>
  </concept>
  <concept>
    <code value="AEE"/>
    <display value="Day is accurate, month and year are estimated"/>
    <definition value="Day is accurate, month and year are estimated"/>
  </concept>
  <concept>
    <code value="AEU"/>
    <display value="Day is accurate, month is estimated, year is unknown"/>
    <definition value="Day is accurate, month is estimated, year is unknown"/>
  </concept>
  <concept>
    <code value="AUA"/>
    <display value="Day is accurate, month is unknown, year is accurate"/>
    <definition value="Day is accurate, month is unknown, year is accurate"/>
  </concept>
  <concept>
    <code value="AUE"/>
    <display value="Day is accurate, month is unknown, year is estimated"/>
    <definition value="Day is accurate, month is unknown, year is estimated"/>
  </concept>
  <concept>
    <code value="AUU"/>
    <display value="Day is accurate, month and year are unknown"/>
    <definition value="Day is accurate, month and year are unknown"/>
  </concept>
  <concept>
    <code value="EAA"/>
    <display value="Day is estimated, month and year are accurate"/>
    <definition value="Day is estimated, month and year are accurate"/>
  </concept>
  <concept>
    <code value="EAE"/>
    <display value="Day is estimated, month is accurate, year is estimated"/>
    <definition value="Day is estimated, month is accurate, year is estimated"/>
  </concept>
  <concept>
    <code value="EAU"/>
    <display value="Day is estimated, month is accurate, year is unknown"/>
    <definition value="Day is estimated, month is accurate, year is unknown"/>
  </concept>
  <concept>
    <code value="EEA"/>
    <display value="Day and month are estimated, year is accurate"/>
    <definition value="Day and month are estimated, year is accurate"/>
  </concept>
  <concept>
    <code value="EEE"/>
    <display value="Day, month and year are estimated"/>
    <definition value="Day, month and year are estimated"/>
  </concept>
  <concept>
    <code value="EEU"/>
    <display value="Day and month are estimated, year is unknown"/>
    <definition value="Day and month are estimated, year is unknown"/>
  </concept>
  <concept>
    <code value="EUA"/>
    <display value="Day is estimated, month is unknown, year is accurate"/>
    <definition value="Day is estimated, month is unknown, year is accurate"/>
  </concept>
  <concept>
    <code value="EUE"/>
    <display value="Day is estimated, month is unknown, year is estimated"/>
    <definition value="Day is estimated, month is unknown, year is estimated"/>
  </concept>
  <concept>
    <code value="EUU"/>
    <display value="Day is estimated, month and year are unknown"/>
    <definition value="Day is estimated, month and year are unknown"/>
  </concept>
  <concept>
    <code value="UAA"/>
    <display value="Day is unknown, month and year are accurate"/>
    <definition value="Day is unknown, month and year are accurate"/>
  </concept>
  <concept>
    <code value="UAE"/>
    <display value="Day is unknown, month is accurate, year is estimated"/>
    <definition value="Day is unknown, month is accurate, year is estimated"/>
  </concept>
  <concept>
    <code value="UAU"/>
    <display value="Day is unknown, month is accurate, year is unknown"/>
    <definition value="Day is unknown, month is accurate, year is unknown"/>
  </concept>
  <concept>
    <code value="UEA"/>
    <display value="Day is unknown, month is estimated, year is accurate"/>
    <definition value="Day is unknown, month is estimated, year is accurate"/>
  </concept>
  <concept>
    <code value="UEE"/>
    <display value="Day is unknown, month and year are estimated"/>
    <definition value="Day is unknown, month and year are estimated"/>
  </concept>
  <concept>
    <code value="UEU"/>
    <display value="Day is unknown, month is estimated, year is unknown"/>
    <definition value="Day is unknown, month is estimated, year is unknown"/>
  </concept>
  <concept>
    <code value="UUA"/>
    <display value="Day and month are unknown, year is accurate"/>
    <definition value="Day and month are unknown, year is accurate"/>
  </concept>
  <concept>
    <code value="UUE"/>
    <display value="Day and month are unknown, year is estimated"/>
    <definition value="Day and month are unknown, year is estimated"/>
  </concept>
  <concept>
    <code value="UUU"/>
    <display value="Day, month and year are unknown"/>
    <definition value="Day, month and year are unknown"/>
  </concept>
</CodeSystem>