<?xml version="1.0" encoding="UTF-8"?>

<ValueSet xmlns="http://hl7.org/fhir">
  <id value="date-accuracy-indicator-1"/>
  <meta>
    <versionId value="1"/>
    <lastUpdated value="2022-11-24T05:55:58.556+00:00"/>
    <profile value="http://hl7.org/fhir/StructureDefinition/shareablevalueset"/>
  </meta>
  <text>
    <status value="generated"/><div xmlns="http://www.w3.org/1999/xhtml">
            <h2>Date Accuracy Indicator</h2>
            <tt>https://healthterminologies.gov.au/fhir/ValueSet/date-accuracy-indicator-1</tt>
            <p>The Date Accuracy Indicator value set includes values that indicate the accuracy of components of a reported date.</p>
        </div>
  </text>
  <url value="https://healthterminologies.gov.au/fhir/ValueSet/date-accuracy-indicator-1"/>
  <identifier>
    <system value="urn:ietf:rfc:3986"/>
    <value value="urn:oid:1.2.36.1.2001.1004.201.10004"/>
  </identifier>
  <version value="1.0.2"/>
  <name value="DateAccuracyIndicator"/>
  <title value="Date Accuracy Indicator"/>
  <status value="active"/>
  <experimental value="false"/>
  <date value="2020-05-31"/>
  <publisher value="Rob Eastwood (himself)"/>
  <contact>
    <telecom>
      <system value="url"/>
      <value value="https://github.com/robstwd"/>
    </telecom>
  </contact>
  <description value="The Date Accuracy Indicator value set includes values that indicate the accuracy of components of a reported date."/>
  <jurisdiction>
    <coding>
      <system value="urn:iso:std:iso:3166"/>
      <code value="AU"/>
    </coding>
  </jurisdiction>
  <copyright value="Copyright © 2018 Australian Digital Health Agency - All rights reserved. Except for the material identified below, this content is licensed under a Creative Commons Attribution 4.0 International License. See https://creativecommons.org/licenses/by/4.0/. &#xA;&#xA;This resource includes material that is based on Australian Institute of Health and Welfare material. &#xA;&#xA;All copies of this resource must include this copyright statement and all information contained in this statement."/>
  <compose>
    <include>
      <system value="https://healthterminologies.gov.au/fhir/CodeSystem/date-accuracy-indicator-1"/>
    </include>
  </compose>
</ValueSet>