{
  "resourceType" : "ValueSet",
  "id" : "date-accuracy-indicator-1",
  "meta" : {
    "versionId" : "1",
    "lastUpdated" : "2022-11-24T05:55:58.556+00:00",
    "profile" : ["http://hl7.org/fhir/StructureDefinition/shareablevalueset"]
  },
  "text" : {
    "status" : "generated",
    "div" : "<div xmlns=\"http://www.w3.org/1999/xhtml\">\n            <h2>Date Accuracy Indicator</h2>\n            <tt>https://healthterminologies.gov.au/fhir/ValueSet/date-accuracy-indicator-1</tt>\n            <p>The Date Accuracy Indicator value set includes values that indicate the accuracy of components of a reported date.</p>\n        </div>"
  },
  "url" : "https://healthterminologies.gov.au/fhir/ValueSet/date-accuracy-indicator-1",
  "identifier" : [{
    "system" : "urn:ietf:rfc:3986",
    "value" : "urn:oid:1.2.36.1.2001.1004.201.10004"
  }],
  "version" : "1.0.2",
  "name" : "DateAccuracyIndicator",
  "title" : "Date Accuracy Indicator",
  "status" : "active",
  "experimental" : false,
  "date" : "2020-05-31",
  "publisher" : "Rob Eastwood (himself)",
  "contact" : [{
    "telecom" : [{
      "system" : "url",
      "value" : "https://github.com/robstwd"
    }]
  }],
  "description" : "The Date Accuracy Indicator value set includes values that indicate the accuracy of components of a reported date.",
  "jurisdiction" : [{
    "coding" : [{
      "system" : "urn:iso:std:iso:3166",
      "code" : "AU"
    }]
  }],
  "copyright" : "Copyright © 2018 Australian Digital Health Agency - All rights reserved. Except for the material identified below, this content is licensed under a Creative Commons Attribution 4.0 International License. See https://creativecommons.org/licenses/by/4.0/. \n\nThis resource includes material that is based on Australian Institute of Health and Welfare material. \n\nAll copies of this resource must include this copyright statement and all information contained in this statement.",
  "compose" : {
    "include" : [{
      "system" : "https://healthterminologies.gov.au/fhir/CodeSystem/date-accuracy-indicator-1"
    }]
  }
}